,multiclass,multilabel
12,71.33,71.33
13,66.85,66.85
14,45.92,45.92
15,51.29,51.29
16,39.72,39.72
17,50.91,50.91
18,54.30999999999999,54.30999999999999
19,46.40999999999999,46.40999999999999
20,50.050000000000004,50.050000000000004
21,79.92,79.92
