,multiclass,multilabel
12,73.42524420929915,73.42524420929915
13,51.35265876136168,51.35265876136168
14,58.02050619471291,58.02050619471291
15,50.396769238905215,50.396769238905215
16,53.013013018293684,53.013013018293684
17,55.16829551175009,55.16829551175009
18,59.63692385301067,59.63692385301067
19,49.78272957118621,49.78272957118621
20,55.18448550078313,55.18448550078313
21,93.05185640415941,93.05185640415941
