,multiclass,multilabel
google-gemma-7b-it_12_1712704376_modified,153.3,151.4901309055866
Llama2_all,71.33,73.42524420929915
mistralai-Mixtral-8x7B-Instruct-v0.1_12_1712772173,75.13000000000001,70.34024369091296
